episode,actor_loss,critic_loss,entropy,total_loss,clip_fraction,kl_divergence,grad_norm,value_pred_mean,advantage_mean,ratio_mean
5,-0.080465,0.024032,2.460336,-0.105641,0.3966,-0.025188,1.0546,-0.137792,0.000000,1.053441
10,-0.065962,0.005534,2.346639,-0.107361,0.3950,0.024512,0.5413,-0.015125,-0.000000,1.001045
15,-0.057036,0.020395,2.398057,-0.084601,0.4502,0.023811,0.5830,0.100433,-0.000000,1.010755
20,-0.040898,0.012515,2.369025,-0.075763,0.5410,0.005752,0.7540,-0.073946,-0.000000,1.041980
25,-0.098812,0.005630,2.340888,-0.140000,0.5548,0.009254,0.4407,0.024681,-0.000000,1.033628
30,-0.098000,0.006252,2.446588,-0.140679,0.6405,0.015258,0.3554,0.024587,0.000000,1.048204
